time,length,slope
   1,     2,2.00000
   2,     4,2.00000
   3,     6,2.00000
   4,     7,1.75000
   5,     8,1.60000
   6,    12,2.00000
   7,    15,2.14286
   8,    15,1.87500
   9,    15,1.66667
  10,    16,1.60000
[0, 2, 4, 6, 7, 8, 12, 15, 15, 15, 16]