time,length,slope
   1,     2,2.00000
   2,     5,2.50000
   3,     8,2.66667
   4,     9,2.25000
   5,    10,2.00000
   6,    14,2.33333
   7,    17,2.42857
   8,    17,2.12500
