time,length,slope
   1,     2,2.00000
   2,     4,2.00000
   3,     6,2.00000
