time,length,slope
   1,     2,2.00000
   2,     4,2.00000
   3,     6,2.00000
   4,     7,1.75000
   5,     8,1.60000
   6,    10,1.66667
