time,length,slope
   1,     2,2.00000
   2,     4,2.00000
   3,     6,2.00000
   4,     8,2.00000
   5,    10,2.00000
   6,    12,2.00000
   7,    13,1.85714
   8,    15,1.87500
   9,    17,1.88889
  10,    18,1.80000
[0, 2, 4, 6, 8, 10, 12, 13, 15, 17, 18]