time,length,slope
   1,     2,2.00000
   2,     5,2.50000
   3,     8,2.66667
   4,     9,2.25000
